{"cameraMode":{"drawMode":0,"name":"Shaded","section":"Shading Mode"},"sceneLighting":true,"audioPlay":false,"sceneViewState":{"m_AlwaysRefresh":false,"showFog":true,"showSkybox":true,"showFlares":true,"showImageEffects":true,"showParticleSystems":true,"showVisualEffectGraphs":true,"m_FxEnabled":true},"in2DMode":false,"pivot":{"x":2.4512901306152345,"y":1.7195734977722169,"z":6.020496368408203},"rotation":{"x":0.04736034944653511,"y":-0.7649701833724976,"z":0.056529778987169269,"w":0.6398831009864807},"size":13.895462989807129,"orthographic":false}