{"cameraMode":{"drawMode":0,"name":"Shaded","section":"Shading Mode"},"sceneLighting":true,"audioPlay":false,"sceneViewState":{"m_AlwaysRefresh":false,"showFog":true,"showSkybox":true,"showFlares":true,"showImageEffects":true,"showParticleSystems":true,"showVisualEffectGraphs":true,"m_FxEnabled":true},"in2DMode":false,"pivot":{"x":0.23586265742778779,"y":3.371643304824829,"z":-6.618637561798096},"rotation":{"x":-0.02277209796011448,"y":0.47011104226112368,"z":-0.012141682207584381,"w":-0.8822266459465027},"size":0.8660253882408142,"orthographic":false}