{"cameraMode":{"drawMode":0,"name":"Shaded","section":"Shading Mode"},"sceneLighting":false,"audioPlay":false,"sceneViewState":{"m_AlwaysRefresh":false,"showFog":true,"showSkybox":false,"showFlares":true,"showImageEffects":true,"showParticleSystems":true,"showVisualEffectGraphs":true,"m_FxEnabled":true},"in2DMode":false,"pivot":{"x":-13.958147048950196,"y":1.220262050628662,"z":-5.622541427612305},"rotation":{"x":0.038568831980228427,"y":-0.07577395439147949,"z":-0.0029378558974713089,"w":-0.9963697195053101},"size":1.2247449159622193,"orthographic":false}