{"cameraMode":{"drawMode":0,"name":"Shaded","section":"Shading Mode"},"sceneLighting":false,"audioPlay":false,"sceneViewState":{"m_AlwaysRefresh":false,"showFog":true,"showSkybox":false,"showFlares":true,"showImageEffects":true,"showParticleSystems":true,"showVisualEffectGraphs":true,"m_FxEnabled":true},"in2DMode":false,"pivot":{"x":-0.004886507987976074,"y":0.9310240149497986,"z":-15.844486236572266},"rotation":{"x":0.014680080115795136,"y":0.03658420220017433,"z":0.0005366728291846812,"w":-0.9992075562477112},"size":1.5983961820602418,"orthographic":false}