{"cameraMode":{"drawMode":0,"name":"Shaded","section":"Shading Mode"},"sceneLighting":false,"audioPlay":false,"sceneViewState":{"m_AlwaysRefresh":false,"showFog":true,"showSkybox":false,"showFlares":true,"showImageEffects":true,"showParticleSystems":true,"showVisualEffectGraphs":true,"m_FxEnabled":true},"in2DMode":false,"pivot":{"x":6.406682968139648,"y":0.9390003681182861,"z":0.6290223598480225},"rotation":{"x":0.03100171498954296,"y":0.9689742922782898,"z":-0.1751440167427063,"w":0.17182862758636475},"size":1.9698424339294434,"orthographic":false}